question,answer
hi,hello how can i help you
hello,hello how can i help you
hey,hello how can i help you
good morning,hello how can i help you
good afternoon,hello how can i help you
good evening,hello how can i help you
hey there,hello how can i help you
hello there,hello how can i help you
hi there,hello how can i help you
greetings,hello how can i help you
howdy,hello how can i help you
hey bot,hello how can i help you
hello bot,hello how can i help you
is anyone there,hello how can i help you
hi can you help,hello how can i help you
hello assistant,hello how can i help you
good day,hello how can i help you
hey assistant,hello how can i help you
what is your name,i am a virtual assistant
who are you,i am a virtual assistant
whats your name,i am a virtual assistant
tell me your name,i am a virtual assistant
do you have a name,i am a virtual assistant
what should i call you,i am a virtual assistant
who am i talking to,i am a virtual assistant
what are you,i am a virtual assistant
introduce yourself,i am a virtual assistant
are you a bot,i am a virtual assistant
are you human,i am a virtual assistant
what kind of bot are you,i am a virtual assistant
your name please,i am a virtual assistant
may i know your name,i am a virtual assistant
what do they call you,i am a virtual assistant
who is this,i am a virtual assistant
identify yourself,i am a virtual assistant
what is this assistant called,i am a virtual assistant
how are you,i am doing great thank you
how are you doing,i am doing great thank you
how is it going,i am doing great thank you
hows it going,i am doing great thank you
how do you feel,i am doing great thank you
are you okay,i am doing great thank you
how are things,i am doing great thank you
whats up,i am doing great thank you
how have you been,i am doing great thank you
you doing well,i am doing great thank you
how is your day,i am doing great thank you
how is everything,i am doing great thank you
are you good,i am doing great thank you
hope you are well,i am doing great thank you
how you doing,i am doing great thank you
is everything fine with you,i am doing great thank you
how is life,i am doing great thank you
are you alright,i am doing great thank you
thank you,you are very welcome
thanks,you are very welcome
thanks a lot,you are very welcome
thank you so much,you are very welcome
many thanks,you are very welcome
i appreciate it,you are very welcome
thanks for the help,you are very welcome
thank you very much,you are very welcome
cheers,you are very welcome
thanks so much,you are very welcome
appreciate it,you are very welcome
thank you kindly,you are very welcome
thanks a bunch,you are very welcome
much appreciated,you are very welcome
thanks indeed,you are very welcome
thank u,you are very welcome
thanks friend,you are very welcome
thanks for everything,you are very welcome
bye,goodbye have a nice day
goodbye,goodbye have a nice day
see you,goodbye have a nice day
see you later,goodbye have a nice day
farewell,goodbye have a nice day
i am leaving,goodbye have a nice day
talk to you later,goodbye have a nice day
catch you later,goodbye have a nice day
bye bye,goodbye have a nice day
good night,goodbye have a nice day
i have to go,goodbye have a nice day
take care,goodbye have a nice day
see ya,goodbye have a nice day
until next time,goodbye have a nice day
im off,goodbye have a nice day
later,goodbye have a nice day
have to leave now,goodbye have a nice day
signing off,goodbye have a nice day
what are your hours,we are open from nine to five
when are you open,we are open from nine to five
what time do you open,we are open from nine to five
what time do you close,we are open from nine to five
are you open now,we are open from nine to five
business hours,we are open from nine to five
opening hours,we are open from nine to five
when do you close,we are open from nine to five
how late are you open,we are open from nine to five
are you open on weekends,we are open from nine to five
what are the working hours,we are open from nine to five
when can i visit,we are open from nine to five
what hours are you open,we are open from nine to five
are you open today,we are open from nine to five
store hours,we are open from nine to five
when do you start,we are open from nine to five
what is your schedule,we are open from nine to five
operating hours,we are open from nine to five
where are you,we are located in the city center
where are you located,we are located in the city center
what is your address,we are located in the city center
how do i find you,we are located in the city center
where is your office,we are located in the city center
your location please,we are located in the city center
where can i find you,we are located in the city center
what is your location,we are located in the city center
are you nearby,we are located in the city center
where is the store,we are located in the city center
how do i get there,we are located in the city center
where do you operate,we are located in the city center
which city are you in,we are located in the city center
where is your shop,we are located in the city center
address please,we are located in the city center
find your place,we are located in the city center
where exactly are you,we are located in the city center
location of your office,we are located in the city center
can you help me,sure i am happy to help
i need help,sure i am happy to help
help me,sure i am happy to help
could you help,sure i am happy to help
i need assistance,sure i am happy to help
can you assist me,sure i am happy to help
please help,sure i am happy to help
i have a problem,sure i am happy to help
can you support me,sure i am happy to help
need some help,sure i am happy to help
assist me please,sure i am happy to help
help please,sure i am happy to help
i require help,sure i am happy to help
can you give me a hand,sure i am happy to help
would you help me,sure i am happy to help
i am stuck,sure i am happy to help
support needed,sure i am happy to help
can you guide me,sure i am happy to help
what is the weather,i cannot check the weather sorry
how is the weather,i cannot check the weather sorry
will it rain today,i cannot check the weather sorry
is it sunny,i cannot check the weather sorry
whats the weather like,i cannot check the weather sorry
weather forecast please,i cannot check the weather sorry
is it cold outside,i cannot check the weather sorry
how hot is it,i cannot check the weather sorry
will it snow,i cannot check the weather sorry
temperature today,i cannot check the weather sorry
is it raining,i cannot check the weather sorry
what is the forecast,i cannot check the weather sorry
how is the weather today,i cannot check the weather sorry
is it windy,i cannot check the weather sorry
weather update,i cannot check the weather sorry
will it be sunny tomorrow,i cannot check the weather sorry
current weather,i cannot check the weather sorry
how is it outside,i cannot check the weather sorry
how old are you,i am just a computer program
what is your age,i am just a computer program
when were you born,i am just a computer program
are you young,i am just a computer program
how many years old,i am just a computer program
your age please,i am just a computer program
how long have you existed,i am just a computer program
when did you start,i am just a computer program
what is your birthday,i am just a computer program
how old are you really,i am just a computer program
are you old,i am just a computer program
how long have you been around,i am just a computer program
since when do you exist,i am just a computer program
what age are you,i am just a computer program
were you born recently,i am just a computer program
how many years,i am just a computer program
your birth year,i am just a computer program
when were you created,i am just a computer program
how much does it cost,the price depends on the plan
what is the price,the price depends on the plan
how much is it,the price depends on the plan
what are your prices,the price depends on the plan
price please,the price depends on the plan
how much do you charge,the price depends on the plan
what does it cost,the price depends on the plan
tell me the cost,the price depends on the plan
is it expensive,the price depends on the plan
what is the fee,the price depends on the plan
how much money,the price depends on the plan
pricing details,the price depends on the plan
what are the rates,the price depends on the plan
cost of service,the price depends on the plan
how much for this,the price depends on the plan
what is the charge,the price depends on the plan
price information,the price depends on the plan
how much will it be,the price depends on the plan
how can i contact you,you can email us anytime
how do i reach you,you can email us anytime
what is your email,you can email us anytime
can i call you,you can email us anytime
how to get in touch,you can email us anytime
contact details please,you can email us anytime
your phone number,you can email us anytime
how do i contact support,you can email us anytime
whats your contact,you can email us anytime
can i email you,you can email us anytime
how to reach support,you can email us anytime
give me your contact,you can email us anytime
contact information,you can email us anytime
how do i call,you can email us anytime
reach out how,you can email us anytime
what is your number,you can email us anytime
ways to contact,you can email us anytime
how can i message you,you can email us anytime
